SET DATEFORMAT DMY

INSERT INTO THANHVIEN (MATV, TEN, SDT, NGAYTG, NGSINH, GMAIL)
VALUES
('TV0001', N'Nguyễn Văn An', '0976543226', '01/01/2022', '01/01/1990', 'nguyenvana@gmail.com'),
('TV0002', N'Trần Thị Bình', '0976543221', '01/02/2022', '02/02/1991', 'tranthib@gmail.com'),
('TV0003', N'Lê Văn Chung', '0976543224', '01/03/2022', '03/03/1992', 'levanc@gmail.com'),
('TV0004', N'Phạm Thị Dung', '0976543213', '01/04/2022', '04/04/1993', 'phamthid@gmail.com'),
('TV0005', N'Hoàng Văn Em', '0976543212', '01/05/2022', '05/05/1994', 'hoangvane@gmail.com'),
('TV0006', N'Vũ Thị Phương', '0976543225', '01/06/2022', '06/06/1995', 'vuthif@gmail.com'),
('TV0007', N'Nguyễn Thị Giang', '0976543228', '01/07/2022', '07/07/1996', 'nguyenthig@gmail.com'),
('TV0008', N'Trần Văn Huy', '0976543214', '01/08/2022', '08/08/1997', 'tranvanh@gmail.com'),
('TV0009', N'Lê Thị Uyên', '0976543219', '01/09/2022', '09/09/1998', 'lethii@gmail.com'),
('TV0010', N'Phạm Văn Kiệt', '0976543223', '01/10/2022', '10/10/1999', 'phamvank@gmail.com'),
('TV0011', N'Hoàng Thùy Linh', '0976543215', '01/11/2022', '11/11/2000', 'hoangthil@gmail.com'),
('TV0012', N'Vũ Văn Minh', '0987654321', '01/12/2022', '12/12/2001', 'vuvanm@gmail.com');

INSERT INTO DVVC (MADV, TEN, DIACHI, GIA) VALUES
('DVVC01', N'Giao hàng nhanh', N'Số 1, Đường Trần Hưng Đạo, Quận 1, TP.HCM', 15000),
('DVVC02', N'Giao hàng tiết kiệm', N'Số 2, Đường Lê Duẩn, Quận 3, TP.HCM', 20000),
('DVVC03', N'Viettel Post', N'Số 1, Đường Giải Phóng, Thanh Xuân, Hà Nội', 25000);

INSERT INTO NVIENVC (MANV, TEN, GTINH, SDT, MADV)
VALUES 
('NV0001', N'Đàm Vĩnh Hưng', 'Nam', '0901234567', 'DVVC03'),
('NV0002', N'Đông Nhi', N'Nữ', '0901234568', 'DVVC02'),
('NV0003', N'Hoài Linh', 'Nam', '0901234569', 'DVVC01'),
('NV0004', N'Thùy Tiên', N'Nữ', '0901234570', 'DVVC01'),
('NV0005', N'Trấn Thành', 'Nam', '0901234571', 'DVVC02'),
('NV0006', N'Bảo Anh', N'Nữ', '0901234572', 'DVVC02'),
('NV0007', N'Đạt G', 'Nam', '0901234573', 'DVVC01'),
('NV0008', N'Lệ Quyên', N'Nữ', '0901234574', 'DVVC03'),
('NV0009', N'Trung Quân', 'Nam', '0901234575', 'DVVC01'),
('NV0010', N'Chi Pu', N'Nữ', '0901234576', 'DVVC03');

INSERT INTO SHOP (MSHOP, TENSHOP, SDT, DIACHI, NGLAP, CHUSHOP)
VALUES
('SHOP01', 'Pretty Savage', '01234567', N'Hồ Chí Minh', '1/2/2015', 'TV0005'),
('SHOP02', 'Beauty Shop', '01234568', N'Cần Thơ', '10/3/2019', 'TV0001'),
('SHOP03', N'Bách hóa Tìm Rịm', '01234569', N'Vũng Tàu', '5/3/2013', 'TV0004'),
('SHOP04', N'Bếp nhà Mây', '01234570', N'Hạ Long', '6/7/2016', 'TV0003'),
('SHOP05', N'Nhà sách Mưa', '01234571', N'Gia Lai', '8/2/2020', 'TV0002'),
('SHOP06', N'Leng Keng VPP', '01234572', N'Đà Lạt', '17/2/2022', 'TV0006');

INSERT INTO NSX (MNSX, TEN, NUOCSX) 
VALUES
('NSX001', N'LOréal', N'Pháp'),
('NSX002', 'Christian Dior', N'Pháp'),
('NSX003', 'Samsung', N'Hàn Quốc'),
('NSX004', 'Vinamilk', N'Việt Nam'),
('NSX005', N'Nhà xuất bản Việt Nam', N'Việt Nam'),
('NSX006', 'Nivea', N'Đức'),
('NSX007', 'CeraVe', N'Mỹ'),
('NSX008', 'Maybelline', N'Mỹ'),
('NSX009', 'Xiaomi', N'Trung Quốc'),
('NSX010', 'Apple', N'Mỹ'),
('NSX011', 'Deli', N'Trung Quốc'),
('NSX012', 'Công ty CP Thiên Long Group', N'Việt Nam'),
('NSX013', N'Công ty TNHH Khánh Long', N'Việt Nam'),
('NSX014', 'Công ty TNHH Healthcare', N'Việt Nam');

INSERT INTO SANPHAM (MASP, GIA, TEN, CONGDUNG, NSX, DANHMUC) VALUES
('SP0001', 270000, N'Kem chống nắng LOréal Paris UV Perfect Aqua Essence SPF50', N'Chống nắng', 'NSX001', N'Mỹ phầm'),
('SP0002', 155000, N'Sữa rửa mặt LOréal Paris White Perfect Milky Foam', N'Tẩy trang', 'NSX001', N'Mỹ phầm'),
('SP0003', 219000, N'Son LOréal Paris Rouge Signature Matte Lipstick', 'Son lì', 'NSX001', N'Mỹ phầm'),
('SP0004', 365000, N'Phấn nước LOréal Paris Infallible 24H Fresh Wear Foundation', N'Phấn phủ', 'NSX001', N'Mỹ phầm'),
('SP0005', 139000, N'Dầu gội LOréal Paris Elseve Extraordinary Oil-in-Cream', N'Dưỡng tóc', 'NSX001', N'Chăm sóc tóc'),
('SP0006', 130000, N'Rouge Dior', 'Son lì', 'NSX002', N'Mỹ phầm'),
('SP0007', 120000, N'Dior Addict', N'Son bóng', 'NSX002', N'Mỹ phầm'),
('SP0008', 2500000,N'Miss Dior', N'Nước hoa', 'NSX002', N'Mỹ phầm'),
('SP0009', 2900000, N'Jadore Dior', N'Nước hoa', 'NSX002', N'Mỹ phầm'),
('SP0010', 182000, N'Dior Forever Undercover Concealer', N'Kem che khuyết điểm', 'NSX002', N'Mỹ phầm'),
('SP0011', 18500, N'Sữa tươi Vinamilk', N'Sữa', 'NSX004', N'Thực phẩm'),
('SP0012', 15000, N'Sữa đặc hộp Vinamilk', N'Sữa', 'NSX004', N'Thực phẩm'),
('SP0013', 10000, N'Sữa chua uống probi Vinamilk', N'Sữa', 'NSX004', N'Thực phẩm'),
('SP0014', 8000, N'Sữa chua cốt dừa Vinamilk', N'Sữa', 'NSX004', N'Thực phẩm'),
('SP0015', 20000, N'Sữa tươi không đường Vinamilk', N'Sữa', 'NSX004', N'Thực phẩm'),
('SP0016', 3490000, N'Điện thoại Samsung Galaxy A12', 'Smartphone', 'NSX003', N'Thiết bị điện tử'),
('SP0017', 4690000, N'Máy tính bảng Samsung Galaxy Tab A7 Lite', N'Máy tính bảng', 'NSX003', N'Thiết bị điện tử'),
('SP0018', 2490000, N'Đồng hồ thông minh Samsung Galaxy Buds Pro', N'Đồng hồ thông minh', 'NSX003', N'Thiết bị điện tử'),
('SP0019', 4690000, N'Đồng hồ thông minh Samsung Galaxy Watch Active 2', N'Đồng hồ thông minh', 'NSX003', N'Thiết bị điện tử'),
('SP0020', 22990000, N'Máy tính bảng Samsung Galaxy Tab S7+', N'Máy tính bảng', 'NSX003', N'Thiết bị điện tử'),
('SP0021', 20000, N'Vở ghi chép cao cấp Deli Note 106 A5', N'Vở ghi chép', 'NSX005', N'Văn phòng phẩm'),
('SP0022', 9000, N'Vở ghi chép Top Point 48F A5', N'Vở ghi chép', 'NSX005', N'Văn phòng phẩm'),
('SP0023', 11500, N'Vở ghi chép giấy bóng Aspire 80 trang A4', N'Vở ghi chép', 'NSX005', N'Văn phòng phẩm'),
('SP0024', 25000, N'Bút lông Thiên Long Fasler Hàn Quốc', N'Bút lông', 'NSX005', N'Văn phòng phẩm'),
('SP0025', 340000, N'Máy tính Casio FX-570VN Plus', N'Máy tính khoa học', 'NSX005', N'Văn phòng phẩm'),
('SP0026', 160000, N'Bộ bút màu nước Pelikan K12 24 màu Hàn Quốc', N'Bút màu nước', 'NSX005', N'Văn phòng phẩm'),
('SP0027', 590000, N'Đèn bàn Klong Nordic', N'Dùng để chiếu sáng trong phòng khách, phòng ngủ, phòng làm việc, ...', 'NSX005', N'Văn phòng phẩm'),
('SP0028', 980000, N'Đèn bàn Klong PUFF', N'Trang trí nội thất', 'NSX005', N'Văn phòng phẩm'),
('SP0029', 1990000, N'Bàn làm việc Klong', N'Trang trí nội thất', 'NSX005', N'Văn phòng phẩm'),
('SP0030', 10000, N'Bút bi Thiên Long cao cấp', N'Viết trơn, mực đen đậm, đầu bút 0.5mm', 'NSX005', N'Văn phòng phẩm');

INSERT INTO CTSP (MASP, MSHOP)
VALUES 
('SP0003', 'SHOP01'),
('SP0004', 'SHOP01'),
('SP0005', 'SHOP01'),
('SP0006', 'SHOP01'),
('SP0007', 'SHOP01'),
('SP0008', 'SHOP01'),
('SP0009', 'SHOP01'),
('SP0010', 'SHOP01'),
('SP0001', 'SHOP02'),
('SP0002', 'SHOP02'),
('SP0003', 'SHOP02'),
('SP0004', 'SHOP02'),
('SP0005', 'SHOP02'),
('SP0024', 'SHOP02'),
('SP0025', 'SHOP02'),
('SP0026', 'SHOP02'),
('SP0014', 'SHOP03'),
('SP0016', 'SHOP03'),
('SP0017', 'SHOP03'),
('SP0018', 'SHOP03'),
('SP0019', 'SHOP03'),
('SP0020', 'SHOP03'),
('SP0027', 'SHOP03'),
('SP0029', 'SHOP03'),
('SP0005', 'SHOP04'),
('SP0006', 'SHOP04'),
('SP0011', 'SHOP04'),
('SP0012', 'SHOP04'),
('SP0013', 'SHOP04'),
('SP0014', 'SHOP04'),
('SP0015', 'SHOP04'),
('SP0001', 'SHOP05'),
('SP0002', 'SHOP05'),
('SP0003', 'SHOP05'),
('SP0021', 'SHOP05'),
('SP0022', 'SHOP05'),
('SP0023', 'SHOP05'),
('SP0024', 'SHOP05'),
('SP0016', 'SHOP06'),
('SP0017', 'SHOP06'),
('SP0025', 'SHOP06'),
('SP0026', 'SHOP06'),
('SP0027', 'SHOP06'),
('SP0028', 'SHOP06'),
('SP0029', 'SHOP06'),
('SP0030', 'SHOP06');

INSERT INTO [dbo].[VoucherVC]
VALUES
('VCVC01', N'Giảm 15.000 đồng', 15000, 'DVVC01'),
('VCVC02', N'Giảm 5.000 đồng', 5000, 'DVVC02'),
('VCVC03', N'Giảm 30% giá trị vận chuyển', 30, 'DVVC03'),
('VCVC04', N'Miễn phí vận chuyển 100%', 0, 'DVVC01'),
('VCVC05', N'Giảm 10% giá trị vận chuyển', 10, 'DVVC02');

INSERT INTO VoucherShop (MVCS, CONGDUNG, GIATRI, MSHOP)
VALUES 
('VCS001', N'Giảm 15k', 15000, 'SHOP01'),
('VCS002', N'Giảm 200k', 200000, 'SHOP03'),
('VCS003', N'Giảm 5k', 5000, 'SHOP06'),
('VCS004', N'Giảm 30%', 30, 'SHOP02'),
('VCS005', N'Giảm 10%', 10, 'SHOP05'),
('VCS006', N'Giảm 8%', 8, 'SHOP04');

--XOA GIASPBD, GIAVCBD, 
INSERT INTO DONHANG (MADH, NGUOIDAT, SHOP, GiaSPBD, TENKH, DIACHI, SDT, NGLAP, NGAYGIAOTC, HTThanhToan, GIASPCC, GIAVCCC, TONGTIEN, VOUCHERVC, DVVC, VOUCHERSHOP)
VALUES
  ('DH0001', 'TV0007', 'SHOP02', 0, N'Nguyễn Thị Giang', N'Nghệ An', '0976543228', '15/01/2022', '17/01/2022', N'Ví momo', 0, 0, 0, 'VCVC01', 'DVVC01', 'VCS004'),
  ('DH0002', 'TV0012', 'SHOP05', 0, N'Vũ Văn Minh', N'Tây Ninh', '0987654321', '23/03/2023', '28/03/2023', N'Chuyển khoản ngân hàng', 0, 0, 0, NULL, 'DVVC01', NULL),
  ('DH0003', 'TV0009', 'SHOP01',  0, N'Lê Thị Uyên', N'Sóc Trăng', '0976543219', '03/02/2023', '07/02/2023', N'Thanh toán khi nhận hàng', 0, 0, 0, 'VCVC01', 'DVVC01', NULL),
  ('DH0004', 'TV0007', 'SHOP06',   0, N'Nguyễn Thị Giang', N'Nghệ An', '0976543228', '14/04/2022', '19/04/2022', N'Thanh toán khi nhận hàng', 0, 0, 0, 'VCVC02', 'DVVC02', NULL),
  ('DH0005', 'TV0009', 'SHOP02',   0, N'Lê Thị Uyên', N'Sóc Trăng', '0976543219', '05/03/2023', '10/03/2023', N'Chuyển khoản ngân hàng', 0, 0, 0, 'VCVC02', 'DVVC02', 'VCS004'),
  ('DH0006', 'TV0010', 'SHOP02',   0, N'Phạm Văn Kiệt', N'Tiền Giang', '0976543223', '26/01/2022', '31/01/2022', N'Chuyển khoản ngân hàng', 0, 0, 0, 'VCVC03', 'DVVC03', NULL),
   ('DH0007', 'TV0011', 'SHOP06',   0, N'Hoàng Thùy Linh', N'Đồng Nai', '0976543215', '10/05/2022', '14/05/2022', N'Chuyển khoản ngân hàng', 0, 0, 0, 'VCVC03', 'DVVC03', 'VCS003'),
  ('DH0008', 'TV0009', 'SHOP01',   0, N'Đặng Minh Trí', N'Sóc Trăng', '0382559048', '01/04/2023', '05/04/2023', N'Ví momo', 0, 0, 0, 'VCVC04', 'DVVC01', NULL),
  ('DH0009', 'TV0012', 'SHOP06',   0, N'Vũ Văn Minh', N'Tây Ninh', '0987654321', '18/02/2023', '23/02/2023', N'Chuyển khoản ngân hàng', 0, 0, 0, 'VCVC04', 'DVVC01', 'VCS003'),
  ('DH0010', 'TV0009', 'SHOP01',   0, N'Phạm Văn Thiên', N'Bình Dương', '0377111222', '05/01/2023', '09/01/2023', N'Chuyển khoản ngân hàng', 0, 0, 0, 'VCVC05', 'DVVC02', 'VCS001'),
  ('DH0011', 'TV0008', 'SHOP06',   0, N'Trần Văn Huy', N'Hồ Chí Minh', '0976543214', '07/03/2023', '12/03/2023', N'Ví momo', 0, 0, 0, 'VCVC01', 'DVVC01', 'VCS003'),
  ('DH0012', 'TV0012', 'SHOP05',   0, N'Nguyễn Thị Tuyết Mai', N'Tây Ninh', '0918273465', '17/02/2022', '22/02/2022', N'Ví momo', 0, 0, 0, 'VCVC02', 'DVVC02', 'VCS005'),
  ('DH0013', 'TV0010', 'SHOP01',   0, N'Phạm Văn Kiệt', N'Tiền Giang', '0976543223', '28/04/2022', '02/05/2022', N'Ví momo', 0, 0, 0, 'VCVC05', 'DVVC02', NULL),
  ('DH0014', 'TV0010', 'SHOP04',   0, N'Phạm Văn Kiệt', N'Tiền Giang', '0976543223', '11/02/2023', '16/02/2023', N'Thanh toán khi nhận hàng', 0, 0, 0, 'VCVC03', 'DVVC03', NULL),
  ('DH0015', 'TV0007', 'SHOP04',   0, N'Nguyễn Thị Giang', N'Nghệ An', '0976543228', '15/04/2023', '20/04/2023', N'Ví momo', 0, 0, 0, NULL, 'DVVC02', NULL),
  ('DH0016', 'TV0007', 'SHOP05',   0, N'Hoàng Thị Thuý', N'Nghệ An', '0918145982', '22/03/2022', '27/03/2022', N'Chuyển khoản ngân hàng', 0, 0, 0, NULL, 'DVVC03', NULL),
  ('DH0017', 'TV0009', 'SHOP05',   0, N'Trần Văn Thắng', N'Bình Dương', '0918587092', '04/01/2023', '08/01/2023', N'Thanh toán khi nhận hàng', 0, 0, 0, 'VCVC04', 'DVVC01', NULL),
  ('DH0018', 'TV0010', 'SHOP06',   0, N'Trần Thị Thu Hà', N'Tiền Giang', '0125579023', '01/05/2023', '06/05/2023', N'Ví momo', 0, 0, 0, 'VCVC03', 'DVVC03', 'VCS003'),
  ('DH0019', 'TV0011', 'SHOP03',   0, N'Nguyễn Thị Trang', N'Đồng Nai', '0377478324', '20/02/2023', '25/02/2023', N'Thanh toán khi nhận hàng', 0, 0, 0, 'VCVC04', 'DVVC01', 'VCS002'),
  ('DH0020', 'TV0011', 'SHOP01',   0, N'Lê Thị Thanh Huyền', N'Hồ Chí Minh', '0918789234', '27/02/2022', '04/03/2022', N'Chuyển khoản ngân hàng', 0, 0, 0, 'VCVC05', 'DVVC02', NULL),
  ('DH0021', 'TV0008', 'SHOP02',   0, N'Trần Văn Huy', N'Hồ Chí Minh', '0976543214', '08/01/2023', '13/01/2023', N'Chuyển khoản ngân hàng', 0, 0, 0, 'VCVC01', 'DVVC01', NULL),
  ('DH0022', 'TV0008', 'SHOP04',   0, N'Trần Văn Huy', N' Hồ Chí Minh', '0976543214', '26/03/2023', '30/03/2023', N'Thanh toán khi nhận hàng', 0, 0, 0, NULL, 'DVVC03', NULL),
  ('DH0023', 'TV0007', 'SHOP01',   0, N'Nguyễn Minh Tuấn', N'Nghệ An', '0462337192', '13/02/2022', '18/02/2022', N'Thanh toán khi nhận hàng', 0, 0, 0, 'VCVC05', 'DVVC02', 'VCS001'),
  ('DH0024', 'TV0007', 'SHOP03',   0, N'Phan Thị Lan Anh', N'Nghệ An', '0983845671', '26/04/2023', '01/05/2023', N'Thanh toán khi nhận hàng', 0, 0, 0, 'VCVC05', 'DVVC02', 'VCS002');

INSERT INTO CTDH 
VALUES
('DH0004', 'SP0026', 1),
('DH0004', 'SP0030', 3),
('DH0001', 'SP0002', 2),
('DH0001', 'SP0003', 2),
('DH0001', 'SP0004', 1),
('DH0023', 'SP0006', 2),
('DH0024', 'SP0016', 1),
('DH0024', 'SP0018', 1),
('DH0015', 'SP0013', 3),
('DH0015', 'SP0012', 4),
('DH0016', 'SP0022', 3),
('DH0016', 'SP0023', 1),
('DH0016', 'SP0024', 2),
('DH0021', 'SP0002', 1),
('DH0022', 'SP0011', 4),
('DH0022', 'SP0013', 2),
('DH0011', 'SP0025', 1),
('DH0011', 'SP0026', 2),
('DH0003', 'SP0010', 1),
('DH0008', 'SP0007', 1),
('DH0010', 'SP0008', 1),
('DH0010', 'SP0009', 1),
('DH0017', 'SP0021', 2),
('DH0017', 'SP0022', 1),
('DH0017', 'SP0023', 1),
('DH0017', 'SP0024', 2),
('DH0005', 'SP0004', 1),
('DH0005', 'SP0001', 2),
('DH0018', 'SP0028', 1),
('DH0018', 'SP0029', 1),
('DH0013', 'SP0007', 1),
('DH0006', 'SP0005', 1),
('DH0014', 'SP0013', 10),
('DH0014', 'SP0014', 2),
('DH0014', 'SP0015', 2),
('DH0007', 'SP0027', 1),
('DH0020', 'SP0010', 1),
('DH0019', 'SP0016', 1),
('DH0009', 'SP0025', 1),
('DH0009', 'SP0026', 2),
('DH0012', 'SP0020', 1),
('DH0002', 'SP0021', 2),
('DH0002', 'SP0024', 2);

INSERT INTO CTVANCHUYEN (MANV, MADH, NGAYGIAO)
VALUES
('NV0003', 'DH0001', '16/01/2023'),
('NV0004', 'DH0002', '26/03/2023'),
('NV0007', 'DH0003', '7/2/2023'),
('NV0009', 'DH0008', '4/4/2023'),
('NV0003', 'DH0009', '22/02/2023'),
('NV0004', 'DH0011', '11/3/2023'),
('NV0007', 'DH0017', '8/1/2023'),
('NV0009', 'DH0019', '23/02/2023'),
('NV0009', 'DH0021', '8/1/2023'),
('NV0002', 'DH0004', '18/04/2023'),
('NV0005', 'DH0005', '9/3/2023'),
('NV0006', 'DH0010', '9/1/2023'),
('NV0002', 'DH0012', '20/02/2023'),
('NV0005', 'DH0013', '2/5/2023'),
('NV0006', 'DH0015', '10/4/2023'),
('NV0002', 'DH0020', '4/3/2023'),
('NV0005', 'DH0023', '12/2/2023'),
('NV0006', 'DH0024', '1/5/2023'),
('NV0001', 'DH0006', '30/01/2023'),
('NV0008', 'DH0007', '13/05/2023'),
('NV0010', 'DH0014', '14/02/2023'),
('NV0001', 'DH0016', '25/03/2023'),
('NV0008', 'DH0018', '4/5/2023'),
('NV0010', 'DH0022', '28/03/2023');

INSERT INTO [dbo].[DonKhieuNaiHoanTien]
VALUES
('KN01', '19/04/2022', 'TV0007', 'SHOP06', 'DH0004', N'Giao thiếu hàng'),
('KN02', '11/3/2023', 'TV0009', 'SHOP02', 'DH0005', N'Hàng bị hỏng'),
('KN03', '9/1/2023', 'TV0009', 'SHOP01', 'DH0010', N'Hàng bị vỡ'),
('KN04', '12/3/2023', 'TV0008', 'SHOP06', 'DH0011', N'Sản phầm không giống mô tả'),
('KN05', '27/03/2022', 'TV0007', 'SHOP05', 'DH0016', N'Hàng giao không chính hãng'),
('KN06', '26/02/2023', 'TV0011', 'SHOP03', 'DH0019', N'Giao thiếu hàng'),
('KN07', '4/3/2022', 'TV0011', 'SHOP01', 'DH0020', N'Hàng bị hỏng'),
('KN08', '7/2/2023', 'TV0009', 'SHOP01', 'DH0003', N'Hàng bị vỡ'),
('KN09', '3/5/2022', 'TV0010', 'SHOP01', 'DH0013', N'Sản phầm không giống mô tả'),
('KN10', '17/01/2022', 'TV0007', 'SHOP02', 'DH0001', N'Hàng giao không chính hãng');
